Employee ID,School Name,Degree,Degree Received,Year Degree Received
10,"California State University, Northridge (CSUN)",Bachelor's Degree,Yes,1/1/2015
25,School of Engineer and Logistics,High School/Equivalent,No,
39,George Mason University,Bachelor's Degree,Yes,1/1/2009
39,George Mason University,Master's Degree,Yes,1/1/2012
40,Ball State University,,,
50,Loyola Marymount University Law School,Master's Degree,,
67,American University,Bachelor's Degree,Yes,1/1/2015
67,American University,Doctorate,Yes,1/1/2015
67,George Washington University Law School,Doctorate,Yes,1/1/2015
68,Coastline Community College,,,
68,Fort Lewis College,,,
68,Gulf Coast Community College,,,
68,Special Operations Combat Medical School,,,
74,Community College of the Air Force,Associate Degree,Yes,1/1/2016
74,Hillsborough Community College,Associate Degree,Yes,1/1/2016
97,Florida International University (FIU),Bachelor's Degree,Yes,1/1/2000
109,Florida State University,Bachelor's Degree,Yes,1/1/1999
112,Appalachian State University,Bachelor's Degree,Yes,1/1/2014
112,University of North Carolina - Charlotte,Bachelor's Degree,Yes,1/1/2014
112,University of North Carolina - Charlotte,Master's Degree,Yes,1/1/2014
122,Cochise College,Associate Degree,,
122,South University-Savannah,Associate Degree,,
125,Community College of the Air Force,Associate Degree,Yes,1/1/2016
125,American InterContinental University,Bachelor's Degree,Yes,1/1/2016
129,Christopher Newport University,Bachelor's Degree,Yes,1/1/2017
145,George Mason University,Bachelor's Degree,Yes,1/1/2016
145,George Mason University,,,
149,Jamestown Community College,Associate Degree,Yes,1/1/2018
149,"DeVry Institute of Technology- Dallas, TX",Bachelor's Degree,No,
149,High School,High School/Equivalent,No,
149,"Indiana University/Purdue University, Indianapolis",Bachelor's Degree,No,
162,Waxahachie High School,High School/Equivalent,Yes,1/1/2015
162,Texas State Technical College,Associate Degree,Yes,1/1/2019
202,TUI University,Bachelor's Degree,Yes,1/1/2017
202,TUI University,Master's Degree,Yes,1/1/2017
228,Prince George's Community College,Associate Degree,No,
234,Middle Tennessee State University,Bachelor's Degree,Yes,1/1/2016
234,Middle Tennessee State University,,,
259,Virginia Polytechnic Institute and State University,Bachelor's Degree,Yes,1/1/2019
281,Florida International University,,,
322,Defense Language Institute,Associate Degree,Yes,1/1/2010
322,Anna Maria College,Bachelor's Degree,Yes,1/1/2013
322,Anna Maria College,Master's Degree,Yes,1/1/2016
342,Purdue University,Bachelor's Degree,Yes,1/1/2014
342,Cochise College,Associate Degree,Yes,1/1/2014
342,Lehigh University,Master's Degree,No,
364,Florida Institute of Technology - Melbourne,Bachelor's Degree,Yes,1/1/2016
364,Florida Institute of Technology - Melbourne,Master's Degree,Yes,1/1/2016
417,Wittenberg University,Bachelor's Degree,Yes,1/1/2016
422,Mattituck High School,High School/Equivalent,Yes,1/1/1981
422,Northern Virginia Community College,Associate Degree,No,
430,Central Michigan University,Bachelor's Degree,Yes,1/1/2007
433,Limestone College,Bachelor's Degree,,
501,High School,High School/Equivalent,Yes,1/1/2011
507,Northern State University,Bachelor's Degree,Yes,1/1/2015
507,Central Michigan University,Master's Degree,Yes,1/1/2015
520,Spokane Falls Community College,Associate Degree,Yes,1/1/1994
520,Eastern Washington University,Bachelor's Degree,Yes,1/1/1997
520,Community College of the Air Force,Associate Degree,Yes,1/1/2006
540,Northwest Florida State College,Associate Degree,Yes,1/1/2015
540,Florida State University,Bachelor's Degree,Yes,1/1/2015
540,Gulf Coast State College,,No,
556,United States Naval Academy,Bachelor's Degree,Yes,1/1/2013
556,U.S. Army War College,Master's Degree,Yes,1/1/2013
653,University of South Florida,Bachelor's Degree,Yes,1/1/2014
653,Universidad Carlos III de Madrid,Master's Degree,Yes,1/1/2014
665,Liberty University,Bachelor's Degree,Yes,1/1/2015
678,Christopher Newport University,Bachelor's Degree,Yes,1/1/1986
678,Atlantic University,Master's Degree,Yes,1/1/2008
716,"University of Phoenix, Arizona",Bachelor's Degree,Yes,1/1/2020
716,"University of Phoenix, Arizona",Associate Degree,,
718,Embry-Riddle Aeronautical University - Various learning centers,Bachelor's Degree,Yes,1/1/2017
718,Milwaukee Tech & Trade HS,High School/Equivalent,,
730,Villanova University,Bachelor's Degree,Yes,1/1/2016
730,Georgetown School of Continuing Studies,Associate Degree,Yes,1/1/2016
731,Indiana Wesleyan University,Associate Degree,Yes,1/1/2014
738,Rochester Institute of Technology,Bachelor's Degree,Yes,1/1/2018
756,University of Puerto Rico - Ponce,Bachelor's Degree,Yes,1/1/2014
756,University of Maryland - University College,Master's Degree,No,
764,Towson University,Bachelor's Degree,Yes,1/1/2011
766,Northern Virginia Community College,Associate Degree,Yes,1/1/2016
766,George Mason University,Bachelor's Degree,Yes,1/1/2016
766,University of Virginia,Master's Degree,Yes,1/1/2016
766,ACE3P,,,
766,George Mason University,,,
766,Northern Virginia Community College,,,
766,"University of Virginia, McIntire School of Commerce",,,
799,Troy University,Associate Degree,Yes,1/1/2013
799,Excelsior College (Regents College),Bachelor's Degree,Yes,1/1/2013
806,Virginia Polytechnic Institute and State University,Bachelor's Degree,Yes,1/1/2010
865,Pensacola Junior College,Associate Degree,Yes,1/1/2015
879,University of Delaware,Bachelor's Degree,Yes,1/1/2016
879,University of Delaware,,,1/1/2015
881,Hampton University,Bachelor's Degree,Yes,1/1/2014
881,Marymount University,Master's Degree,No,
897,Pennsylvania State University,Bachelor's Degree,Yes,1/1/2015
897,Pennsylvania State University,Master's Degree,Yes,1/1/2014
905,Defense Language Institute,Associate Degree,Yes,1/1/2015
905,American Public University System,Bachelor's Degree,Yes,1/1/2015
905,American University,Master's Degree,No,
905,American University,,,
912,Community College of the Air Force,Associate Degree,Yes,1/1/2016
912,Columbia Southern University (CSU),Bachelor's Degree,Yes,1/1/2016
912,Community College of the Air Force,Associate Degree,Yes,1/1/2016
912,Community College of the Air Force,Associate Degree,Yes,1/1/2016
912,Columbia Southern University (CSU),Master's Degree,Yes,1/1/2016
916,Salisbury University,Bachelor's Degree,Yes,1/1/2007
916,Salisbury University,Bachelor's Degree,Yes,1/1/2014
925,University of Maryland - University College,Bachelor's Degree,Yes,1/1/2019
925,University of Maryland - University College,Master's Degree,Yes,1/1/2019
928,American Public University System,Bachelor's Degree,Yes,1/1/2015
930,High School,High School/Equivalent,Yes,1/1/2008
930,Central Texas College,Associate Degree,Yes,1/1/2012
930,Western Governors University,Bachelor's Degree,No,
940,"DeVry University, Arlington VA.",Bachelor's Degree,Yes,1/1/2012
940,DeVry University - Keller School of Management,Master's Degree,Yes,1/1/2014
940,George Mason University,Bachelor's Degree,No,
944,Brockton High School,High School/Equivalent,Yes,1/1/2006
944,Miracosta College,Associate Degree,,
944,University of Houston,Bachelor's Degree,,
961,High School,High School/Equivalent,Yes,1/1/2010
961,Henley-Putnam University,Bachelor's Degree,Yes,1/1/2015
961,University of Maryland - Baltimore County,Associate Degree,No,
972,California State University - Stanislaus,Bachelor's Degree,Yes,1/1/2015
972,California State College,,,
983,Strayer University,Bachelor's Degree,,
996,American Military University,Bachelor's Degree,Yes,1/1/2016
996,American Military University,,,
996,Cochise College,,,
1003,Texas A & M University - Commerce,Bachelor's Degree,Yes,1/1/1984
1010,"University of Phoenix, Arizona",Bachelor's Degree,Yes,1/1/2008
1010,Community College of the Air Force,Associate Degree,Yes,1/1/2010
1010,Community College of the Air Force,Associate Degree,Yes,
1041,University of Hartford,Bachelor's Degree,Yes,1/1/2015
1051,University of Mary Hardin-Baylor,Bachelor's Degree,Yes,1/1/2014
1089,Syracuse University,Bachelor's Degree,Yes,1/1/2015
1089,Syracuse University,Master's Degree,Yes,1/1/2015
1093,Webster University,Master's Degree,Yes,1/1/2002
1100,University of Washington-Seattle Campus,Bachelor's Degree,Yes,1/1/2016
1110,Addis Ababa University,Bachelor's Degree,Yes,1/1/2020
1110,Institute For Advance Studies,Master's Degree,Yes,1/1/2020
1110,University of Maryland - University College,Master's Degree,Yes,1/1/2020
1142,Great Mills High School,High School/Equivalent,Yes,1/1/2010
1142,. Forrest Career and Technology Center,High School/Equivalent,No,
1142,Dr. James A. Forrest Career and Technology Center,,No,
1150,Guangdong University of Foreign Studies,Master's Degree,Yes,1/1/2014
1150,Lancaster University,Master's Degree,Yes,1/1/2014
1150,University of Maryland,,No,
1185,University of Maryland University College,Bachelor's Degree,No,
1199,Air Force Community College,Associate Degree,Yes,1/1/2008
1199,University of Texas at San Antonio,Bachelor's Degree,Yes,1/1/2010
1217,Howard Community College,Associate Degree,Yes,1/1/1992
1217,Howard Community College,Associate Degree,Yes,1/1/1992
1217,Howard Community College,Associate Degree,Yes,1/1/1996
1230,Virginia Polytechnic Institute and State University,Bachelor's Degree,,
1271,South Carolina State University,Bachelor's Degree,Yes,1/1/2019
1271,Touro University International (TUI),Master's Degree,Yes,1/1/2019
1271,Villanova University,Master's Degree,No,
1273,Morgan State University,Bachelor's Degree,,
1279,University of Vermont,Bachelor's Degree,Yes,1/1/2014
1286,Clarion University of Pennsylvania,,,
1286,High School,High School/Equivalent,,
1286,Union High School,,,
1295,University of Tennessee,Bachelor's Degree,Yes,1/1/2014
1297,Norfolk State University (NSU),Bachelor's Degree,Yes,1/1/2015
1297,West Virginia State University,Bachelor's Degree,No,
1305,Baltimore International College,Bachelor's Degree,Yes,1/1/2016
1305,Frederick Community College,Associate Degree,Yes,1/1/2016
1328,University of Colorado at Boulder,Bachelor's Degree,Yes,1/1/2015
1328,University of Oklahoma,Master's Degree,Yes,1/1/2015
1329,Fayetteville Technical Community College,Associate Degree,No,
1356,University of Mount Saint Joseph,Bachelor's Degree,Yes,1/1/2012
1365,Western Governors University,,,
1375,ECPI Technical College,Associate Degree,Yes,1/1/1995
1380,Campbell University,Bachelor's Degree,Yes,1/1/2019
1380,Grand Canyon University,Master's Degree,Yes,1/1/2019
1380,FEMA Emergency Management Institute,,,
1380,Quality Assurance School,,,
1380,Recruiters School,,,
1382,High School,High School/Equivalent,Yes,1/1/2014
1391,CUNY York College,Bachelor's Degree,Yes,1/1/2014
1400,New Jersey City University,Bachelor's Degree,Yes,1/1/1991
1400,The Chubb Institute for Computer Technology,High School/Equivalent,,
1407,Old Dominion University,Bachelor's Degree,Yes,1/1/2012
1414,California State University of Los Angeles,Bachelor's Degree,Yes,1/1/2015
1414,California State University of Los Angeles,,,
1431,Central Washington University (CWU),Bachelor's Degree,Yes,1/1/2016
1431,U.S. Army Command and General Staff College,Bachelor's Degree,Yes,1/1/2016
1434,University of Maryland - University College,Master's Degree,,
1434,University of San Diego,Bachelor's Degree,,
1437,University of Saint Mary,Bachelor's Degree,Yes,1/1/2014
1437,University of Saint Mary,Master's Degree,Yes,1/1/2014
1441,Embry Riddle,Bachelor's Degree,Yes,1/1/2018
1444,University of California,Bachelor's Degree,Yes,1/1/2017
1484,Hillsborough Community College,Associate Degree,Yes,1/1/2017
1484,University of Maryland University College,Bachelor's Degree,Yes,1/1/2017
1503,Pace University,Bachelor's Degree,Yes,1/1/1990
1503,Long Island University - C W Post Campus,Master's Degree,Yes,1/1/1990
1526,High School,High School/Equivalent,Yes,1/1/2010
1526,Northern Virginia Community College,,No,
1536,Penn State University Park,Bachelor's Degree,Yes,1/1/2017
1559,Thomas Nelson Community College,High School/Equivalent,No,
1562,University of Virginia,Bachelor's Degree,No,
1573,St. Anthony's High School,High School/Equivalent,Yes,1/1/2012
1573,"Northeastern University, Boston",Bachelor's Degree,Yes,1/1/2016
1578,Indiana State University,Bachelor's Degree,Yes,1/1/2019
1579,Community College of the Air Force,Associate Degree,Yes,1/1/2017
1579,Troy University,Bachelor's Degree,Yes,1/1/2017
1582,Bellevue University,Bachelor's Degree,Yes,1/1/2008
1604,High School,High School/Equivalent,Yes,1/1/2012
1604,Montgomery College - MD,,No,
1611,Excelsior College (Regents College),Bachelor's Degree,Yes,1/1/2014
1611,Community College of the Air Force,Associate Degree,Yes,1/1/2014
1611,Defense Language Institute,Associate Degree,Yes,1/1/2014
1624,University of Central Florida,Bachelor's Degree,Yes,1/1/2015
1624,The John Marshall Law School,Doctorate,Yes,1/1/2015
1640,Northwest Florida State College,Associate Degree,Yes,1/1/2016
1640,"University of West Florida, Pensacola",Bachelor's Degree,Yes,1/1/2016
1645,Temple University,Bachelor's Degree,Yes,1/1/2014
1656,University of Colorado Denver,Bachelor's Degree,Yes,1/1/2015
1656,University of Colorado Denver,Master's Degree,Yes,1/1/2015
1656,Colorado State University,Doctorate,Yes,1/1/2015
1680,University of New Mexico,Bachelor's Degree,Yes,1/1/2007
1688,United States Naval Academy,Bachelor's Degree,Yes,1/1/1991
1688,Naval Postgraduate School,Master's Degree,Yes,1/1/1996
1688,American Public University System,Master's Degree,Yes,1/1/2006
1688,American Public University System,Doctorate,,
1693,McNeese State University,Bachelor's Degree,Yes,1/1/2015
1698,Defense Acquisition University,Bachelor's Degree,No,
1698,Grantham University,Bachelor's Degree,,
1709,American Public University,,,
1709,North Park University,,,
1718,University of the Philippines,,,1/1/2019
1720,University of Maryland University College (UMUC),Bachelor's Degree,No,
1724,University of Vermont,Bachelor's Degree,Yes,1/1/1996
1724,Champlain College,Master's Degree,Yes,1/1/2009
1726,High School,High School/Equivalent,Yes,1/1/2011
1726,Harford Community College,Associate Degree,Yes,1/1/2016
1740,Fort Valley State University,Bachelor's Degree,Yes,1/1/2014
1750,High School,High School/Equivalent,No,
1753,Alabama A&M University,Bachelor's Degree,,
1753,University of Maryland University College,Master's Degree,,
1754,Virginia Polytechnic Institute and State University,Bachelor's Degree,Yes,1/1/2016
1754,Northern Virginia Community College,,,
1754,Virginia Polytechnic Institute and State University (Virginia Tech),,,
1755,California State University San Marcos,Master's Degree,,
1755,San Diego State University,Bachelor's Degree,,
1783,Kennesaw State University,Bachelor's Degree,Yes,1/1/2015
1783,Kennesaw State University,Bachelor's Degree,Yes,1/1/2015
1783,University of Cincinnati,Master's Degree,Yes,1/1/2017
1783,University of Cincinnati,Master's Degree,Yes,1/1/2017
1812,University of Houston,Bachelor's Degree,Yes,1/1/2014
1812,University of Houston,Bachelor's Degree,Yes,1/1/2014
1812,George Washington University,Master's Degree,Yes,1/1/2014
1838,Collins Hill High School,High School/Equivalent,Yes,1/1/2008
1838,Defense Language Institute,Associate Degree,Yes,1/1/2011
1838,Kennesaw State University,,No,
1848,George Mason University,Bachelor's Degree,Yes,1/1/2015
1860,Strayer University,Associate Degree,Yes,1/1/2019
1860,Strayer University,Bachelor's Degree,No,
1868,University of Memphis,Bachelor's Degree,No,
1885,University of Colorado,,,
1896,Methodist University,Bachelor's Degree,Yes,1/1/1993
1896,Touro University International (TUI),Master's Degree,Yes,1/1/2005
1896,U.S. Army Command and General Staff College,Master's Degree,Yes,1/1/2005
1896,"U.S. Naval War College, The",Master's Degree,Yes,1/1/2013
1920,Western Piedmont Community College,Associate Degree,Yes,1/1/1995
1920,Appalachian State University,Bachelor's Degree,Yes,1/1/1998
1920,Webster University,Master's Degree,Yes,1/1/2003
1926,University of Buea,Bachelor's Degree,Yes,1/1/2004
1926,National Institute of Youth &Sports,Master's Degree,Yes,1/1/2011
1944,TUI University,Bachelor's Degree,Yes,1/1/2015
1947,"California State University, Los Angeles (Cal State LA)",Bachelor's Degree,Yes,1/1/2018
1947,California State University,,,
1947,William Workman High School,,,
1959,American University,,,
2048,New Mexico Institute of Mining & Technology,Bachelor's Degree,Yes,1/1/2005
2048,New Mexico Institute of Mining & Technology,Bachelor's Degree,Yes,1/1/2011
2081,High School,High School/Equivalent,Yes,1/1/2007
2081,George Mason University,Bachelor's Degree,Yes,1/1/2016
2082,Slippery Rock University of Pennsylvania,Bachelor's Degree,Yes,1/1/2016
2096,Natick High School,High School/Equivalent,Yes,1/1/2014
2096,Portsmouth Naval Shipyard Apprenticeship Program,Associate Degree,Yes,1/1/2018
2108,George Mason University,Bachelor's Degree,Yes,1/1/2014
2125,Colorado Technical University - Colorado Springs,Associate Degree,Yes,1/1/2014
2126,Washington State University,Bachelor's Degree,Yes,1/1/2015
2126,University of California - Irvine,Master's Degree,Yes,1/1/2015
2133,Defense Language Institute,Associate Degree,Yes,1/1/2014
2133,University of California - Riverside,Bachelor's Degree,No,
2135,University of Virginia,Bachelor's Degree,,
2135,University of Virginia,Bachelor's Degree,,
2165,George Mason University,Bachelor's Degree,Yes,1/1/2015
2184,Howard University,Bachelor's Degree,Yes,1/1/2015
2205,Patuxent High School,High School/Equivalent,Yes,1/1/2010
2205,College of Southern Maryland,Associate Degree,Yes,1/1/2016
2205,College of Southern Maryland,,,
2205,Patuxent High School,,,
2205,University of Maryland - University College,Bachelor's Degree,,
2205,University of Maryland University College,,,
2228,University of North Florida,Bachelor's Degree,Yes,1/1/2017
2228,Lake City Community College,Associate Degree,,
2269,Berea College,Bachelor's Degree,Yes,1/1/2017
2276,University of North Texas,Bachelor's Degree,Yes,1/1/2014
2278,Maryland Univertisy,Bachelor's Degree,Yes,1/1/2013
2278,Webster University,Master's Degree,Yes,1/1/2013
2291,Loyola Marymount University,Bachelor's Degree,Yes,1/1/2016
2291,Marymount University,Master's Degree,Yes,1/1/2016
2308,Hillsborough Community College,Associate Degree,Yes,1/1/2014
2308,University of South Florida,Bachelor's Degree,Yes,1/1/2017
2360,University of Florida (UF),Bachelor's Degree,Yes,1/1/2015
2360,Defense Acquisition University,,,
2360,Expeditionary Warfare School,,,
2360,University of Florida,,,
2360,USMC Drill Instructor School,,,
2371,Troy University,Bachelor's Degree,Yes,1/1/2015
2371,Oklahoma State University,Master's Degree,Yes,1/1/2015
2386,Air Force Community College,Associate Degree,Yes,1/1/2014
2386,Air Force Community College,Associate Degree,Yes,1/1/2014
2386,Trident University,Bachelor's Degree,Yes,1/1/2015
2386,National University,Master's Degree,No,
2386,University of Maryland University College,Master's Degree,No,
2387,Fayetteville Technical Community College,Associate Degree,Yes,1/1/2016
2387,Fayetteville State University,Bachelor's Degree,Yes,1/1/2016
2387,University of Southern California,Master's Degree,No,
2389,"University of Alabama, Birmingham",Bachelor's Degree,Yes,1/1/2017
2394,University of Chicago,Bachelor's Degree,Yes,1/1/2017
2394,Boston College,Doctorate,Yes,1/1/2017
2415,Osmania University,Bachelor's Degree,Yes,1/1/2018
2415,Acharya Nagarjuna University,Master's Degree,Yes,1/1/2018
2417,Florida State University,Bachelor's Degree,Yes,1/1/2014
2422,Elon University,Bachelor's Degree,No,
2423,Pennsylvania State University,Bachelor's Degree,Yes,1/1/2000
2423,High School,High School/Equivalent,No,
2434,University of Maryland University College (UMUC),Bachelor's Degree,Yes,1/1/2014
2434,University of Maryland University College (UMUC),Master's Degree,Yes,1/1/2015
2434,University of Maryland University College (UMUC),Master's Degree,Yes,1/1/2016
2439,"University of Alabama, Tuscaloosa",Bachelor's Degree,Yes,1/1/2016
2480,New York University (NYU),Bachelor's Degree,Yes,1/1/2016
2480,CUNY School of Law at Queens College,Doctorate,Yes,1/1/2016
2483,Averett University,Bachelor's Degree,Yes,1/1/2016
2483,Central Michigan University,Master's Degree,Yes,1/1/2016
2513,"Western Illinois University, Macomb, IL",Bachelor's Degree,Yes,1/1/1989
2514,Virginia Polytechnic Institute and State University,Bachelor's Degree,Yes,1/1/2016
2570,LeMoyne-Owen College,Bachelor's Degree,Yes,1/1/2018
2603,Defense Language Institute,Associate Degree,Yes,1/1/2016
2603,Winthrop University,Bachelor's Degree,No,
2604,American Military University,Associate Degree,Yes,1/1/2016
2604,American Military University,,,1/1/2015
2615,C.D Hylton High School,High School/Equivalent,Yes,1/1/2014
2615,Northern Virginia Community College,Associate Degree,Yes,1/1/2017
2615,George Mason University,Bachelor's Degree,No,
2615,Northern Virginia Community College,,,
2627,Thomas Stone Senior High School,High School/Equivalent,Yes,1/1/2010
2627,Anne Arundel Community College,Associate Degree,No,
2627,"Business/Marketing, Howard County Community College",Associate Degree,No,
2634,Howard University,Bachelor's Degree,Yes,1/1/2018
2650,Temple University,Bachelor's Degree,Yes,1/1/2007
2667,Baylor University,Bachelor's Degree,Yes,1/1/2015
2672,Southwest Texas State University,Master's Degree,Yes,1/1/2017
2675,Heritage High,High School/Equivalent,Yes,1/1/2012
2697,Andress High School,High School/Equivalent,Yes,1/1/1987
2707,Howard Community College,Associate Degree,Yes,1/1/2017
2707,American Public University System,Bachelor's Degree,No,
2716,Defense Language Institute,Associate Degree,Yes,1/1/2015
2716,American Military University,Bachelor's Degree,Yes,1/1/2016
2720,Cerritos High School,High School/Equivalent,Yes,1/1/2012
2731,ECPI University,Associate Degree,Yes,1/1/2015
2731,Community College of the Air Force,Associate Degree,Yes,1/1/2015
2731,ECPI University,Bachelor's Degree,Yes,1/1/2017
2751,Lane Community College,Associate Degree,Yes,1/1/1994
2770,Tidewater Community College,Associate Degree,Yes,1/1/2015
2770,Strayer University,Bachelor's Degree,Yes,1/1/2015
2770,Strayer University,Master's Degree,Yes,1/1/2015
2770,George Washington University,Master's Degree,Yes,1/1/2015
2770,Virginia Polytechnic Institute and State University,Master's Degree,No,
2786,Virginia Polytechnic Institute and State University,Bachelor's Degree,No,
2793,James Madison University,Bachelor's Degree,Yes,1/1/2013
2807,National Business School,Associate Degree,Yes,1/1/2015
2807,On the Job Training,Associate Degree,No,
2807,Virginia Polytechnic Institute and State University,Bachelor's Degree,No,
2829,Northern Virginia Community College,Associate Degree,Yes,1/1/2014
2829,University of Virginia,Bachelor's Degree,Yes,1/1/2014
2845,Thomas Edison State College,Bachelor's Degree,Yes,1/1/2019
2895,High School,High School/Equivalent,,
2898,University of Virginia,Associate Degree,No,
2909,Longwood University,Bachelor's Degree,Yes,1/1/2014
2924,University of Florida (UF),Bachelor's Degree,Yes,1/1/2014
2924,Naval Postgraduate School,Master's Degree,Yes,1/1/2014
2924,Concord Law School,Doctorate,Yes,1/1/2014
2954,High School,High School/Equivalent,Yes,1/1/2006
2954,Tidewater Community College,Associate Degree,Yes,1/1/2013
2965,North Charleston High School,High School/Equivalent,Yes,1/1/2013
2965,Northern Virginia Community College,Associate Degree,No,
2977,"Northeastern University, Boston",Bachelor's Degree,Yes,1/1/2016
2977,Pepperdine University,Master's Degree,Yes,1/1/2016
2983,Park University,Bachelor's Degree,Yes,1/1/2015
2983,Park University,,,
2987,Park University,Bachelor's Degree,Yes,1/1/2016
3026,U.S. Defense Language Institute (DLI),,,1/1/2014
3026,Community College of the Air Force (CCAF),,,1/1/2014
3040,Central Carolina Technical College,Associate Degree,Yes,1/1/2016
3040,DeVry University,Bachelor's Degree,Yes,
3046,American River College,Associate Degree,Yes,1/1/2015
3046,University of California - Davis,Bachelor's Degree,Yes,1/1/2015
3049,Naval Postgraduate School,Master's Degree,Yes,1/1/2009
3052,Community College of the Air Force,Associate Degree,Yes,1/1/2017
3052,Community College of the Air Force,Associate Degree,Yes,1/1/2017
3052,Colorado Technical University - Colorado Springs,Bachelor's Degree,Yes,1/1/2017
3055,Center For Information Dominance,High School/Equivalent,No,
3055,Nothern Virginia Criminal Justice Training Academy,High School/Equivalent,,
3055,United States Army Recruiting and Retention School,High School/Equivalent,No,
3057,East Carolina University,Bachelor's Degree,Yes,1/1/2016
3057,Hood College,Master's Degree,No,
3084,Saint Leo University,Bachelor's Degree,Yes,1/1/2014
3089,Castleton State University,Bachelor's Degree,Yes,1/1/2015
3089,George Mason University,Master's Degree,Yes,1/1/2015
3144,Schroeder High School,High School/Equivalent,Yes,1/1/2007
3144,Norwich University,Bachelor's Degree,No,
3144,Norwich University,,,
3188,Cochise College,,,
3188,University of Maryland University College,,,
3192,George Mason University,Master's Degree,Yes,1/1/2019
3192,Community College of the Air Force,,,
3192,Community College of the Air Force,,,
3192,George Mason University,Master's Degree,No,
3192,Southwestern College,,,
3192,Southwestern College,,,
3212,High School,High School/Equivalent,Yes,1/1/2012
3212,Community College of Baltimore County,,No,
3244,Texas A & M University,Bachelor's Degree,Yes,1/1/2015
3244,Washington University in St Louis,Doctorate,Yes,1/1/2015
3245,Islamic Azad University,Bachelor's Degree,Yes,1/1/2015
3245,Full Sail Real World Education,Master's Degree,Yes,1/1/2015
3245,Argosy University,Doctorate,No,
3245,Augusta State University,Doctorate,No,
3252,Alexandria University,Bachelor's Degree,Yes,1/1/1990
3314,Baldwin High School,,,
3326,Lord Fairfax Community College,Associate Degree,Yes,1/1/2016
3326,Shenandoah University,Bachelor's Degree,Yes,1/1/2016
3326,Radford University,,,
3328,Harcourt High School,High School/Equivalent,Yes,1/1/2002
3328,Strayer University Manassas VA,,No,
3331,College of Southern Maryland,Associate Degree,,
3331,High School,High School/Equivalent,,
3331,Strayer University,,,
3332,Clemson University,Bachelor's Degree,Yes,1/1/2016
3351,American Military University,Bachelor's Degree,No,
3380,University of Virginia,Bachelor's Degree,Yes,1/1/2015
3381,University Of Karachi,Bachelor's Degree,Yes,1/1/2016
3381,Training Futures/NVCC (Co-Enrollment),Associate Degree,Yes,1/1/2016
3397,University of Maryland University College (UMUC),Bachelor's Degree,Yes,1/1/2016
3403,New Mexico State University,Bachelor's Degree,Yes,1/1/2015
3403,George Washington University,Master's Degree,Yes,1/1/2015
3403,National Defense University,Master's Degree,No,
3422,Inter American University of Puerto Rico - Metropolitan Campus,Bachelor's Degree,Yes,1/1/2017
3433,Kwame Nkrumah University of Science and Technology,Bachelor's Degree,Yes,1/1/2015
3433,University of Indianapolis,Master's Degree,Yes,1/1/2015
3433,University of Indianapolis,Master's Degree,,
3433,University of Science and Technology,Bachelor's Degree,,
3453,Central Texas College,Associate Degree,,
3455,East Tennessee State University,Bachelor's Degree,Yes,1/1/1991
3461,Vincennes University,Associate Degree,Yes,1/1/2001
3461,Park University,Bachelor's Degree,Yes,1/1/2004
3482,CUNY College of Staten Island,Bachelor's Degree,Yes,1/1/2015
3490,Slippery Rock University of Pennsylvania,Bachelor's Degree,Yes,1/1/1995
3490,Butler County Community College,,,
3490,Slippery Rock University,,,
3497,High School,High School/Equivalent,Yes,1/1/2011
3497,"State College of Florida, Manatee-Sarasota",Associate Degree,Yes,1/1/2015
3497,Defense Language Institute,Associate Degree,Yes,1/1/2016
3512,Central Texas College,Associate Degree,Yes,1/1/2017
3551,Munford High School,High School/Equivalent,Yes,1/1/1990
3551,Wayland Baptist University,Bachelor's Degree,Yes,1/1/2011
3561,Lake Forest College,Bachelor's Degree,Yes,1/1/2016
3578,North Carolina State Board of Community Colleges,High School/Equivalent,Yes,1/1/2009
3578,"U.S. Army Signal School, Ft. Gordon GA",High School/Equivalent,Yes,1/1/2009
3578,"U.S. Army Signal School, Ft. Gordon GA",High School/Equivalent,Yes,1/1/2008
3578,Excelsior College (Regents College),Associate Degree,No,
3578,Seattle University,High School/Equivalent,No,
3596,American Military University,Bachelor's Degree,Yes,1/1/2010
3600,Pennsylvania State University,,,
3616,Morris College,Bachelor's Degree,Yes,1/1/2014
3616,Elmhurst College,Master's Degree,Yes,1/1/2014
3635,Cornerstone University,Bachelor's Degree,Yes,1/1/2016
3635,Cochise College,,No,
3662,Virginia Commonwealth University,Bachelor's Degree,Yes,1/1/2000
3692,Central Texas College,Associate Degree,Yes,1/1/2015
3709,University of Tampa,Bachelor's Degree,Yes,1/1/2018
3725,Harford Community College,Associate Degree,Yes,1/1/2013
3725,Towson University,Bachelor's Degree,Yes,1/1/2013
3725,Pennsylvania State University,Master's Degree,No,
3753,Hialeah Senior High School,High School/Equivalent,Yes,1/1/2010
3776,Lake Taylor High Scool,High School/Equivalent,No,
3776,Tidewater Community College,,No,
3789,Northern Virginia Community College,Associate Degree,Yes,1/1/2015
3789,George Mason University,Bachelor's Degree,,
3831,Roanoke College,Bachelor's Degree,Yes,1/1/2017
3831,Johns Hopkins University,Master's Degree,Yes,
3831,Johns Hopkins University,Master's Degree,No,
3838,Community College of the Air Force,Associate Degree,Yes,1/1/2015
3854,Columbia Basin College,Associate Degree,Yes,1/1/2017
3854,Washington State University,Bachelor's Degree,Yes,1/1/2017
3872,Salem High School,High School/Equivalent,Yes,1/1/2010
3875,Virginia Polytechnic Institute and State University,Bachelor's Degree,No,
3892,Southwestern Illinois College,Associate Degree,Yes,1/1/2016
3892,University of South Florida,Bachelor's Degree,Yes,1/1/2016
3892,University of South Florida,Bachelor's Degree,Yes,1/1/2016
3912,American Public University System,Bachelor's Degree,Yes,1/1/2016
3912,American Public University System,Master's Degree,No,
3957,Florida A&M University (FAMU),Bachelor's Degree,Yes,1/1/2016
3957,Florida A&M University (FAMU),Master's Degree,Yes,1/1/2016
3957,Florida A&M University,,,
3957,Florida A&M University,,,
3966,Wayland Baptist University,Master's Degree,Yes,1/1/2010
3974,Polytechnic Superior School of Litoral (Guayaquil-Ecuador) Bachelor of Science in Computer Science,Bachelor's Degree,Yes,1/1/2015
4013,Massachusetts College of Art,Bachelor's Degree,Yes,1/1/2015
4013,New York Institute of Technology - Manhattan Campus,Master's Degree,Yes,1/1/2015
4013,Bentley College,,No,
4016,University of Wyoming,Bachelor's Degree,,
4022,Va Tech,Bachelor's Degree,Yes,1/1/2016
4027,High School,High School/Equivalent,Yes,1/1/2010
4053,Fairmont State University,Bachelor's Degree,Yes,1/1/2016
4071,Community College of the Air Force,Associate Degree,Yes,1/1/2016
4071,Community College of the Air Force,Associate Degree,Yes,1/1/2016
4071,Saint Leo University,Bachelor's Degree,Yes,1/1/2018
4081,McCook Community College,Associate Degree,Yes,1/1/2002
4081,Bellevue University,Bachelor's Degree,,
4102,Home School,High School/Equivalent,Yes,1/1/2012
4109,"DeVry University Crystal City, Arlington, VA",Associate Degree,Yes,1/1/2016
4109,DeVry University,,,
4116,Excelsior College (Regents College),Bachelor's Degree,Yes,1/1/2004
4119,Northeastern State University,Bachelor's Degree,Yes,1/1/1995
4119,University of Oklahoma,Master's Degree,Yes,1/1/2013
4179,University of South Florida,Bachelor's Degree,Yes,1/1/2015
4179,University of South Florida,Master's Degree,Yes,1/1/2017
4180,Whittier High School,High School/Equivalent,Yes,1/1/2009
4180,Rio Hondo College,,No,
4188,University of Nebraska - Omaha,Bachelor's Degree,Yes,1/1/2016
4188,University of North Dakota,Master's Degree,Yes,1/1/2016
4194,Virginia Western Community College,Associate Degree,Yes,1/1/1984
4194,University of Maryland University College,Bachelor's Degree,Yes,1/1/2002
4198,Central Missouri State University,Bachelor's Degree,Yes,1/1/2018
4211,University of Delaware,Bachelor's Degree,Yes,1/1/2014
4211,University of Delaware,Master's Degree,Yes,1/1/2014
4232,Fairleigh Dickinson University (FDU),Bachelor's Degree,Yes,1/1/2011
4232,University of Maryland - University College,Master's Degree,No,
4244,American University in London,Bachelor's Degree,Yes,1/1/2014
4249,"Brooklyn College, the City University of New York",Bachelor's Degree,Yes,1/1/2018
4249,Long Island University- Brooklyn campus,,No,
4253,"University of Phoenix, Maryland",Bachelor's Degree,Yes,1/1/2008
4288,Texas A & M University Central Texas,Bachelor's Degree,Yes,1/1/2014
4288,Texas State Technical College - Waco,Associate Degree,No,
4293,Tidewater Tech-Trades,Associate Degree,Yes,1/1/2016
4293,Tidewater Technical Institute,,,
4317,University of South Carolina,,,1/1/2012
4317,David A. Clarke School of Law (UDC-DCSL),,,1/1/2016
4319,University of Maryland University College,Bachelor's Degree,,
4403,Westfield State College,Bachelor's Degree,Yes,1/1/2017
4417,Williams College,Bachelor's Degree,Yes,1/1/2016
4418,Greece Athena HighSchool,High School/Equivalent,Yes,1/1/1988
4427,College of Notre Dame of Maryland,Bachelor's Degree,Yes,1/1/2010
4427,University of Maryland University College (UMUC),Master's Degree,No,
4434,Tribhuwan University,Associate Degree,Yes,1/1/2015
4434,Georgia State University,Bachelor's Degree,Yes,1/1/2015
4434,Southern Polytechnic State University,Master's Degree,Yes,1/1/2015
4435,Bethune-Cookman University,Bachelor's Degree,Yes,1/1/2015
4455,University of South Florida,Bachelor's Degree,No,
4460,Mary Baldwin College,Bachelor's Degree,Yes,1/1/2016
4460,George Mason University,Master's Degree,Yes,1/1/2016
4461,University of Pittsburgh,Bachelor's Degree,Yes,1/1/2012
4463,Lincoln University of the Commonwealth of Pennsylvania,Bachelor's Degree,Yes,1/1/2019
4464,Pikes Peak Community College,Associate Degree,No,
4472,Clemson University,Bachelor's Degree,Yes,1/1/2016
4479,"California State Polytechnic University, Pomona (Cal Poly Pomona)",Bachelor's Degree,Yes,1/1/2016
4503,Community College of the Air Force,Associate Degree,Yes,1/1/2016
4503,Embry-Riddle Aeronautical University - Various learning centers,Associate Degree,Yes,1/1/2016
4503,Embry-Riddle Aeronautical University - Various learning centers,Bachelor's Degree,Yes,1/1/2016
4503,Community College of the Air Force,Associate Degree,Yes,1/1/2016
4503,American Public University System,Master's Degree,Yes,1/1/2016
4503,Ashford University,Master's Degree,Yes,1/1/2016
4523,Excelsior College (Regents College),Bachelor's Degree,Yes,1/1/2015
4523,Excelsior College (Regents College),Master's Degree,No,
4536,"Northeastern University, Boston",Master's Degree,Yes,1/1/2015
4536,Strayer University,Master's Degree,Yes,1/1/2015
4536,Strayer University,Master's Degree,Yes,1/1/2015
4557,Community College of the Air Force,Associate Degree,Yes,1/1/2016
4557,FAA Acedemy,Associate Degree,Yes,1/1/2016
4557,American Military University,Bachelor's Degree,Yes,1/1/2017
4596,"Indiana University, Bloomington",Master's Degree,,
4596,"School of Public Health, Indiana University",,,
4596,University of Illinois - Urbana-Champaign,Bachelor's Degree,,
4596,University of Illinois Urbana-Champaign,,,
4604,Norfolk State University (NSU),Bachelor's Degree,Yes,1/1/2005
4614,Virginia Polytechnic Institute and State University,Bachelor's Degree,Yes,1/1/2019
4614,University of Maryland University College,Master's Degree,Yes,1/1/2019
4614,University of Maryland University College,,,
4614,University of Maryland University College,,,
4614,Virginia Polytechnic Institute and State University,,,
4616,"California State University, Sacramento (Sac State)",Bachelor's Degree,Yes,1/1/2017
4651,Business Metrics for Data-Driven Companies,,,
4651,Duke University on Coursera,,,
4651,National University of Uzbekistan,,,
4651,National University of Uzbekistan,,,
4652,Pemberton Township High School,High School/Equivalent,Yes,1/1/2011
4652,Burlington County College,,No,
4654,University of Wisconsin - Whitewater,Bachelor's Degree,Yes,1/1/2015
4654,University of Wisconsin - Milwaukee,Master's Degree,Yes,1/1/2015
4685,Christopher Newport University,Bachelor's Degree,Yes,1/1/2014
4685,Christopher Newport University,Master's Degree,Yes,1/1/2014
4686,CUNY Hunter College,Bachelor's Degree,Yes,1/1/1997
4686,Army Quartermaster Center and School,Bachelor's Degree,Yes,1/1/2002
4686,Finance Officer Course,Associate Degree,Yes,1/1/2005
4701,Strayer University,Bachelor's Degree,Yes,1/1/2015
4701,American Military University,Master's Degree,Yes,1/1/2015
4706,Indiana State University,Bachelor's Degree,Yes,1/1/2020
4706,Seattle University,Master's Degree,Yes,1/1/2020
4706,Indiana State University: College of Arts & SciencesFAA Flight School,Bachelor's Degree,,
4706,Indiana State University: College of Technology,Bachelor's Degree,,
4706,Seattle University School of Law,Doctorate,,
4722,University of Phoenix,Bachelor's Degree,Yes,1/1/2018
4722,University of Phoenix,Master's Degree,Yes,1/1/2018
4743,Cochise College,Associate Degree,No,
4743,SDI School of Firearms Technology,Associate Degree,,
4749,Blue Ridge Community and Technical College,Associate Degree,Yes,1/1/2016
4756,Mohawk Valley Community College (MVCC),Associate Degree,Yes,1/1/2015
4756,SUNY Institute of Technology at Utica - Rome,Bachelor's Degree,Yes,1/1/2015
4758,George Washington University,Bachelor's Degree,,
4763,North Carolina A&T State University,Bachelor's Degree,Yes,1/1/1987
4763,North Carolina A&T State University,,,1/1/1987
4763,T.E.S.S.T Electronics & Computer Institute,,,1/1/1996
4763,Tesst E,Associate Degree,Yes,1/1/1996
4781,Kaplan Career Institute - Harrisburg,Bachelor's Degree,,
4781,Lion Investigation Academy,Associate Degree,,
4781,Lycee Charles de Foucault,High School/Equivalent,,
4786,Virginia Commonwealth University,Bachelor's Degree,Yes,1/1/2015
4786,George Mason University,Master's Degree,,
4786,Virginia Commonwealth University (VCU),,,
4816,Thomas Nelson Community College,Associate Degree,Yes,1/1/2013
4816,Christopher Newport University,Bachelor's Degree,Yes,1/1/2016
4816,Christopher Newport University,,,
4816,Christopher Newport University,,,
4816,"Joseph W. Luter III School of Business, AACSB International Accreditation",,,
4816,Thomas Nelson Community College,,,
4818,American University,Bachelor's Degree,Yes,1/1/2014
4818,Cochise College,Associate Degree,Yes,1/1/2014
4818,American University,,,
4818,Cochise College,,,
4818,George Mason University,Master's Degree,,
4818,George Mason University,,,
4818,School of International Studies,,,
4818,Universidad Externado de Colombia,,,
4818,US ARMY AIT,,,
4818,Venice School of Human Rights Academy,,,
4819,Colorado Technical University - Colorado Springs,Bachelor's Degree,No,
4819,Vacaville High School,,No,
4829,Gannon University,Bachelor's Degree,Yes,1/1/2004
4843,The University of Texas at Austin,Bachelor's Degree,Yes,1/1/2016
4850,University of Memphis,Bachelor's Degree,Yes,1/1/2016
4881,Rancho Cucamonga High School,High School/Equivalent,Yes,1/1/2011
4893,Columbia College of Missouri,Bachelor's Degree,Yes,1/1/2018
4919,Auburn University,Bachelor's Degree,Yes,1/1/2016
4919,"University of Alabama, Huntsville",Master's Degree,No,
4929,University of Maryland- Asian Division,Bachelor's Degree,Yes,1/1/2012
4929,Webster University,Master's Degree,No,
4937,University of New Haven,Bachelor's Degree,Yes,1/1/2011
4953,Capitol College,Bachelor's Degree,Yes,1/1/2018
4953,College of Southern Maryland,High School/Equivalent,No,
4953,University of Maryland - College Park,Bachelor's Degree,No,
4966,Bharathiar University,Bachelor's Degree,Yes,1/1/2019
4966,Bharathiar University,Master's Degree,Yes,1/1/2019
4976,Hagerstown Business College,Associate Degree,Yes,1/1/2007
4987,Midlands Technical College,Associate Degree,Yes,1/1/2018
4987,University of South Carolina - Columbia,Bachelor's Degree,Yes,1/1/2018
4987,University of New Haven,Master's Degree,Yes,1/1/2018
4994,Liberty University,Bachelor's Degree,Yes,1/1/2014
4994,University of Maryland University College (UMUC),Master's Degree,No,
5000,Excelsior College (Regents College),Bachelor's Degree,Yes,1/1/2016
5007,Butler County Community College,Associate Degree,No,
5020,Bowling Green State University,Bachelor's Degree,,
5034,High School,High School/Equivalent,Yes,1/1/2010
5034,Community College of the Air Force,Associate Degree,Yes,1/1/2014
5034,University of Maryland - College Park,Bachelor's Degree,Yes,1/1/2014
5034,Strayer University,Master's Degree,Yes,1/1/2014
5041,San Diego State University,,,
5049,George Mason University,Bachelor's Degree,Yes,1/1/2014
5049,George Mason University,Master's Degree,Yes,1/1/2014
5061,James Madison University,Bachelor's Degree,Yes,1/1/2013
5067,Granite State College,Bachelor's Degree,Yes,1/1/2016
5067,Wayland Baptist University,Bachelor's Degree,Yes,1/1/2016
5067,University of Arizona,Master's Degree,No,
5069,Florida State University,Bachelor's Degree,Yes,1/1/2010
5071,"Hunter Collge, City University of New York",Bachelor's Degree,Yes,1/1/2016
5071,"Hunter Collge, City University of New York",Master's Degree,Yes,1/1/2016
5096,Norfolk State University (NSU),Bachelor's Degree,Yes,1/1/2017
5126,Bowie State University,Bachelor's Degree,Yes,1/1/2014
5126,University of Maryland University College (UMUC),Master's Degree,Yes,1/1/2014
5126,University of Maryland University College (UMUC),Master's Degree,Yes,1/1/2014
5129,University of Massachusetts - Lowell,Bachelor's Degree,Yes,1/1/1999
5129,Massachusetts Institute of Technology,Master's Degree,Yes,1/1/1999
5129,University of California - Los Angeles,Master's Degree,Yes,1/1/1999
5131,Osmania University,Bachelor's Degree,Yes,1/1/2016
5131,Southern University and A & M College,Master's Degree,Yes,1/1/2016
5157,Penn State University Park,Bachelor's Degree,Yes,1/1/2015
5162,New Mexico State University - Dona Ana Community College,Associate Degree,Yes,1/1/2014
5162,New Mexico State University,Bachelor's Degree,Yes,1/1/2014
5171,James Wood High School,,,1/1/2004
5195,University of North Carolina at Greensboro,Bachelor's Degree,Yes,1/1/2016
5195,Wake Technical Community College,Associate Degree,No,
5213,Park University,Bachelor's Degree,Yes,1/1/2019
5223,Butler County Community College,Associate Degree,Yes,1/1/2013
5226,University of Wisconsin - Stevens Point,Bachelor's Degree,Yes,1/1/2014
5226,George Mason University,Master's Degree,Yes,1/1/2014
5229,University of South Florida,Bachelor's Degree,Yes,1/1/2016
5229,Florida Institute of Technology - Melbourne,Master's Degree,No,
5230,Central Washington University,,,
5230,"Irish Centre for Human Rights, National University of Ireland, Galway",,,
5246,Pleasanton Hight School,High School/Equivalent,Yes,1/1/2011
5246,Howard Community College,,No,
5246,University of Maryland - University College,High School/Equivalent,No,
5254,South Carolina State University,Bachelor's Degree,Yes,1/1/2015
5255,Lamar University,Master's Degree,Yes,1/1/1998
5255,Bangladesh University of Engineering & Technology,Bachelor's Degree,Yes,1/1/2003
5255,University of Maryland,Master's Degree,Yes,1/1/2005
5266,Coastal Carolina Community College,Associate Degree,Yes,1/1/2004
5266,Western Governors University,Bachelor's Degree,No,
5267,Defense Language Institute,Associate Degree,Yes,1/1/2019
5267,"California State University, Northridge (CSUN)",Bachelor's Degree,No,
5267,University of Maryland University College (UMUC),Bachelor's Degree,No,
5298,Defense Language Institute,Associate Degree,Yes,1/1/2015
5298,California University of Pennsylvania,Bachelor's Degree,Yes,1/1/2019
5298,California University of Pennsylvania,Master's Degree,Yes,1/1/2020
5298,Middlebury College,,No,
5298,Pennsylvania State University,Bachelor's Degree,No,
5300,Marist College,Bachelor's Degree,Yes,1/1/2015
5308,Pennsylvania State University,Bachelor's Degree,Yes,1/1/2016
5308,Pennsylvania State University,,,
5313,Strayer University,Bachelor's Degree,Yes,1/1/1997
5313,Strayer University,Master's Degree,Yes,1/1/1999
5313,University of Phoenix,Doctorate,Yes,1/1/2009
5318,University of Mary Washington,Bachelor's Degree,Yes,1/1/2007
5325,Virginia Polytechnic Institute and State University,Bachelor's Degree,Yes,1/1/2015
5330,Wilmington University,Master's Degree,Yes,1/1/2016
5330,Wilmington University,,,
5336,Allegheny Clarion Valley High School,High School/Equivalent,Yes,1/1/1998
5336,Butler County Community College,High School/Equivalent,No,
5347,University of New Hampshire,Bachelor's Degree,Yes,1/1/2016
5358,University of Phoenix,Bachelor's Degree,No,
5358,Unversity of Phonix,Bachelor's Degree,No,
5378,George Mason University,Bachelor's Degree,Yes,1/1/2019
5387,University of Maryland University College,Bachelor's Degree,Yes,1/1/2015
5387,University of Maryland University College,,,1/1/2015
5458,Washington State University,Bachelor's Degree,Yes,1/1/2016
5460,Elmira College,Bachelor's Degree,Yes,1/1/2009
5460,SUNY College at Cortland,Master's Degree,Yes,1/1/2011
5467,"Bombay University, Mumbai, India",Bachelor's Degree,Yes,1/1/2014
5467,University of New Orleans,Master's Degree,Yes,1/1/2014
5485,Northern Virginia Community College,Associate Degree,Yes,1/1/2016
5485,George Mason University,Bachelor's Degree,Yes,1/1/2016
5485,Mount Aloysius College,Bachelor's Degree,No,
5488,Lynchburg College,Bachelor's Degree,Yes,1/1/2017
5520,Anne Arundel Community College,Associate Degree,No,
5541,Ohio State University,Bachelor's Degree,Yes,1/1/2009
5541,University of Maryland - University College,Master's Degree,Yes,1/1/2013
5549,Tulsa Community College,Associate Degree,Yes,1/1/2020
5549,Northwood University,Bachelor's Degree,Yes,1/1/2020
5551,Long Island University - C W Post Campus,Bachelor's Degree,Yes,1/1/2017
5551,Capitol College,Master's Degree,Yes,1/1/2017
5562,University of Dhaka,Bachelor's Degree,Yes,1/1/2016
5562,University of Dhaka,Master's Degree,Yes,1/1/2016
5562,Bangladesh Management Development Center,,Yes,1/1/2016
5562,Long Island University- Brooklyn campus,Master's Degree,Yes,1/1/2016
5566,American Public University System,Bachelor's Degree,No,
5566,Cochise College,Associate Degree,No,
5580,N.I. College of Engineering,Bachelor's Degree,Yes,1/1/2017
5580,Montgomery College,,,
5587,Moniteau Jr/Sr High School,High School/Equivalent,Yes,1/1/2012
5587,Clarion University of Pennsylvania,,No,
5587,Mercyhurst College,,No,
5588,"California State University, Northridge (CSUN)",Bachelor's Degree,Yes,1/1/2003
5588,Cornell University,Master's Degree,Yes,1/1/2010
5597,High School,High School/Equivalent,,
5620,Northeast Iowa Community College,Associate Degree,Yes,1/1/2015
5620,Northeast Iowa Community College,Associate Degree,Yes,1/1/2015
5620,Southern Illinois University Carbondale,Bachelor's Degree,Yes,1/1/2015
5620,Southern Illinois University Carbondale,Bachelor's Degree,,
5626,University of Maryland University College (UMUC),Bachelor's Degree,Yes,1/1/2016
5626,Syracuse University,Master's Degree,Yes,1/1/2016
5644,Western Kentucky University,Bachelor's Degree,Yes,1/1/2014
5658,High School,High School/Equivalent,Yes,1/1/1982
5658,Fayetteville Technical Community College,Associate Degree,,
5662,Arapahoe Community College,Associate Degree,Yes,1/1/2017
5662,Arapahoe Community College,,,1/1/2017
5662,Metropolitan State University of Denver,Bachelor's Degree,No,
5662,Rocky Mountain College of Art & Design,Bachelor's Degree,No,
5670,ECPI University,Associate Degree,Yes,1/1/2009
5670,ECPI University,Bachelor's Degree,Yes,1/1/2015
5670,ECPI University,Master's Degree,Yes,1/1/2018
5670,Capella University,Doctorate,No,
5678,Cornell University,Bachelor's Degree,Yes,1/1/2014
5678,University of California - Los Angeles,Master's Degree,Yes,1/1/2014
5683,James Madison University,Bachelor's Degree,Yes,1/1/2016
5683,Virginia Polytechnic Institute and State University,Master's Degree,Yes,1/1/2016
5693,Boston College,Bachelor's Degree,,
5701,Rensselaer Polytechnic Institute (RPI),Bachelor's Degree,Yes,1/1/1993
5705,Mercyhurst College,Bachelor's Degree,Yes,1/1/2015
5705,Slippery Rock University of Pennsylvania,Master's Degree,Yes,1/1/2019
5705,Liberty University,Doctorate,No,
5711,Macomb Community College,High School/Equivalent,No,
5726,Upper Iowa University,Bachelor's Degree,Yes,1/1/2019
5746,University of Richmond,Bachelor's Degree,Yes,1/1/2017
5746,Christopher Newport University,Bachelor's Degree,No,
5765,North Carolina Wesleyan College,Bachelor's Degree,Yes,1/1/2014
5765,University of Maryland - University College,Master's Degree,Yes,1/1/2014
5796,West Virginia University,Bachelor's Degree,Yes,1/1/2016
5796,Navy Supply Corps School,Associate Degree,Yes,1/1/2016
5811,High School,High School/Equivalent,Yes,1/1/2012
5831,Slippery Rock University of Pennsylvania,Bachelor's Degree,Yes,1/1/2010
5853,Community College of Rhode Island,Associate Degree,Yes,1/1/2002
5853,The Citadel,Bachelor's Degree,Yes,1/1/2013
5853,The Citadel,Master's Degree,Yes,1/1/2015
5854,Cumberland Valley High School,High School/Equivalent,Yes,1/1/2013
5854,Keesler AFB Technical School,,,
5864,Strayer University,Bachelor's Degree,Yes,1/1/2000
5864,Marymount University,Master's Degree,Yes,1/1/2002
5870,University of Florida (UF),Bachelor's Degree,Yes,1/1/2020
5870,Defense Language Institute,Associate Degree,Yes,1/1/2020
5894,DeVry University,,,
5894,DeVry University,,,
5894,PENN STATE UNIVERSITY,,,
5898,Clarion University,,,
5937,University of Mississippi,Bachelor's Degree,Yes,1/1/2002
5937,University of Mississippi,Doctorate,Yes,1/1/2005
5943,University of Southern Mississippi,Bachelor's Degree,Yes,1/1/2016
5947,Charleston Southern University,Bachelor's Degree,No,
5964,University of Maryland - University College,Bachelor's Degree,Yes,1/1/2017
5988,American Military University,Associate Degree,Yes,1/1/2015
5988,The University of Tampa,Bachelor's Degree,No,
5991,American Military University,Bachelor's Degree,Yes,1/1/2016
5991,"University of Phoenix, Arizona",Master's Degree,No,
5995,Morgan State University,Bachelor's Degree,Yes,1/1/2006
5995,Bowie State University,Master's Degree,Yes,1/1/2009
5995,Bowie State University,Master's Degree,,
5995,Morgan State University,Bachelor's Degree,,
5997,University of Chicago,Bachelor's Degree,Yes,1/1/2016
5997,University of Pittsburgh,Master's Degree,Yes,1/1/2016
5997,University of Chicago,,,
5997,University of Pittsburgh,,,
6013,Community College of the Air Force,Associate Degree,Yes,1/1/2014
6013,Community College of the Air Force,Associate Degree,Yes,1/1/2014
6043,TRIDENT UNIVERCITY,Associate Degree,No,
6049,Idaho State University,Associate Degree,Yes,1/1/1994
6049,Idaho State University,Bachelor's Degree,Yes,1/1/2006
6049,Trident University,Master's Degree,Yes,1/1/2008
6049,Trident University,Doctorate,No,
6051,Los Angeles Mission College,,,
6051,Los Angeles Valley College,,,
6051,PG Community College,,,
6058,Seoul National University of Technology,Bachelor's Degree,Yes,1/1/2004
6058,Seoul National University of Technology,Master's Degree,Yes,1/1/2008
6072,John C Calhoun State Community College,Associate Degree,Yes,1/1/1997
6072,University of North Alabama,Bachelor's Degree,Yes,1/1/1998
6072,Virginia Polytechnic Institute and State University,Master's Degree,Yes,1/1/2001
6141,Theodore Roosevelt High School,High School/Equivalent,,
6159,Georgia State University,Bachelor's Degree,Yes,1/1/2006
6159,Georgia State University,Associate Degree,Yes,1/1/2006
6159,Georgia State University,Associate Degree,Yes,1/1/2006
6159,Georgia State University,Master's Degree,Yes,1/1/2010
6207,Pennsylvania State University,Bachelor's Degree,Yes,1/1/2015
6229,Defense Language Institute,Associate Degree,Yes,1/1/2009
6229,Defense Language Institute,Associate Degree,Yes,1/1/2009
6236,"California State University, San Bernardino (CSUSB)",Bachelor's Degree,Yes,1/1/2016
6251,George Washington University,Bachelor's Degree,,
6251,New York University,Master's Degree,,
6252,University of Maryland - College Park,Bachelor's Degree,Yes,1/1/2015
6282,"Indiana University/Purdue University, Indianapolis",Associate Degree,No,
6282,Ivy Tech Community College,,,
6282,Ivy Tech Community College of Indiana,Associate Degree,No,
6300,Hampton University,Bachelor's Degree,Yes,1/1/2014
6300,Hampton University,Master's Degree,Yes,1/1/2014
6300,College of William and Mary (W&M),Doctorate,Yes,1/1/2014
6300,Florida State University,Master's Degree,No,
6340,Towson University,Bachelor's Degree,Yes,1/1/1991
6340,Central Michigan University,Master's Degree,Yes,1/1/1991
6340,Lancaster Theological Seminary,Master's Degree,,
6343,Seton Hall University,Bachelor's Degree,Yes,1/1/2014
6348,Northern Virginia Community College,Associate Degree,Yes,1/1/2015
6348,George Mason University,Bachelor's Degree,Yes,1/1/2015
6348,"University of Phoenix, Arizona",Master's Degree,Yes,1/1/2015
6376,University of Central Florida,Bachelor's Degree,Yes,1/1/2015
6376,University of Central Florida,Bachelor's Degree,Yes,1/1/2015
6376,Embry-Riddle Aeronautical University - Various learning centers,Master's Degree,Yes,1/1/2015
6388,George Mason University,Bachelor's Degree,Yes,1/1/2015
6416,University of New Orleans,High School/Equivalent,No,
6449,Cochise College,Associate Degree,Yes,1/1/2014
6449,San Diego State University,Bachelor's Degree,Yes,1/1/2014
6451,High School,High School/Equivalent,No,
6457,Fayetteville State University,Bachelor's Degree,,
6457,Strayer University,Master's Degree,,
6474,Central Texas College,Associate Degree,Yes,1/1/2006
6474,Tarleton State University,Bachelor's Degree,Yes,1/1/2006
6474,Columbia Southern University (CSU),Master's Degree,No,
6494,High School,High School/Equivalent,Yes,1/1/2008
6494,"ITT Technical Institute - Chantilly, VA",Associate Degree,Yes,1/1/2010
6494,Thomas Nelson Community College,Associate Degree,Yes,1/1/2017
6499,Virginia Commonwealth University,,,1/1/2015
6499,Virginia Commonwealth University,Bachelor's Degree,Yes,1/1/2016
6502,Tuscarora High School,High School/Equivalent,Yes,1/1/2014
6502,Virginia Polytechnic Institute and State University,Bachelor's Degree,Yes,1/1/2018
6559,Indiana University of Pennsylvania,Bachelor's Degree,Yes,1/1/2015
6562,University of Virginia,Bachelor's Degree,Yes,1/1/2014
6562,Embry-Riddle Aeronautical University - Daytona Beach,Master's Degree,Yes,1/1/2014
6576,Tiffin University,Bachelor's Degree,Yes,1/1/2017
6588,Slippery Rock University of Pennsylvania,Bachelor's Degree,Yes,1/1/2008
6589,High School,High School/Equivalent,Yes,1/1/2011
6604,Radford University,Bachelor's Degree,Yes,1/1/2006
6604,Radford University,Bachelor's Degree,Yes,1/1/2006
6604,Anne Arundel Community College,,,
6627,Clayton State University,Bachelor's Degree,Yes,1/1/2015
6627,Argosy University,Master's Degree,Yes,1/1/2017
6627,Biology Clayton State University,,,
6627,Clayton State University,,,
6627,Clayton State University,,,
6627,MPH Argosy University,,,
6633,University of Maryland University College (UMUC),Bachelor's Degree,Yes,1/1/2017
6635,University of Madras,Bachelor's Degree,Yes,1/1/2015
6635,NIIT (National Institute of Information Technology),Associate Degree,Yes,1/1/2015
6635,Anna University,,,
6635,NIIT,,,
6642,"California State University, Sacramento (Sac State)",Bachelor's Degree,Yes,1/1/2018
6642,"California State University, East Bay (CSUEB)",Master's Degree,No,
6658,Central Texas College,Associate Degree,Yes,1/1/2015
6658,Perdue University Global,Bachelor's Degree,Yes,1/1/2018
6658,Columbia College,,,
6658,United States Army Drill Sergeant School,High School/Equivalent,No,
6658,Venus Highschool,High School/Equivalent,No,
6682,Auburn University,Bachelor's Degree,Yes,1/1/2014
6682,Auburn University,Bachelor's Degree,Yes,1/1/2014
6685,High School,High School/Equivalent,Yes,1/1/1980
6687,Gandhi Institute of Technology and Management Sciences,,,
6694,Fayetteville State University,Bachelor's Degree,Yes,1/1/2015
6694,North Carolina State University,Master's Degree,Yes,1/1/2015
6703,United States Air Force Academy,Bachelor's Degree,Yes,1/1/2014
6703,"California State University, Dominguez Hills (CSUDH)",Master's Degree,Yes,1/1/2014
6703,Air Command and Staff College,Master's Degree,Yes,1/1/2014
6707,Inter American University of Puerto Rico - Metropolitan Campus,Bachelor's Degree,Yes,1/1/2018
6707,Inter American University of Puerto Rico - School of Law,Doctorate,Yes,1/1/2018
6747,Michigan State University (MSU),Bachelor's Degree,Yes,1/1/2016
6747,National Intelligence University,Master's Degree,Yes,1/1/2016
6752,Stevenson University,Bachelor's Degree,Yes,1/1/2016
6759,Montgomery College - MD,Associate Degree,Yes,1/1/2017
6759,University of Maryland - College Park,Bachelor's Degree,Yes,1/1/2103
6770,United States Air Force Academy,Bachelor's Degree,Yes,1/1/2017
6770,Air Force Institute of Technology,Master's Degree,Yes,1/1/2017
6774,Columbia University,Bachelor's Degree,Yes,1/1/2004
6785,George Mason University,Bachelor's Degree,Yes,1/1/2014
6785,Community College of the Air Force,Associate Degree,Yes,1/1/2014
6796,Virginia Commonwealth University,Bachelor's Degree,,
6818,"Strayer University, Woodbridge VA.",Associate Degree,No,
6849,High School,High School/Equivalent,Yes,1/1/2011
6849,Western Governors University,Bachelor's Degree,No,
6858,"University of Alaska, Anchorage",Associate Degree,Yes,1/1/2016
6858,Western Governors University,Bachelor's Degree,Yes,1/1/2019
6917,University of Cincinnati,Bachelor's Degree,Yes,1/1/2017
6917,University of Cincinnati,Master's Degree,Yes,1/1/2017
6926,University of Missouri - St Louis,Associate Degree,No,
6938,Franklin Pierce College,Bachelor's Degree,Yes,1/1/2018
6943,Robert Morris College,Associate Degree,,
6966,University of Georgia,Bachelor's Degree,Yes,1/1/2015
6966,Advanced Technical Intelligence Center,,,
6966,Central Michigan University,Master's Degree,No,
6968,Old Dominion University,Bachelor's Degree,Yes,1/1/2018
6968,Old Dominion University,Master's Degree,No,
6981,University Of Dhaka,Bachelor's Degree,Yes,1/1/1997
6981,Los Angeles Valley College (LAVC),Associate Degree,Yes,1/1/2009
6981,Mary Washington University,Bachelor's Degree,No,
6992,Alabama A&M University,,,
6995,Park University,Bachelor's Degree,No,
6996,Northern Virginia Community College,Associate Degree,Yes,1/1/2018
6996,Christopher Newport University,Bachelor's Degree,Yes,1/1/2018
7010,National Louis University,Bachelor's Degree,Yes,1/1/2004
7010,Strayer University,Master's Degree,Yes,1/1/2014
7038,Boston University,Master's Degree,Yes,1/1/1995
7038,Waynesburg College,Bachelor's Degree,,
7056,Strayer University Manassas VA,Bachelor's Degree,Yes,1/1/2015
7094,Park University,,,1/1/2017
7094,Park University,Bachelor's Degree,Yes,1/1/2017
7094,National Graduate School,Master's Degree,Yes,1/1/2017
7094,National Graduate School of Quality Management,Master's Degree,Yes,1/1/2017
7098,Bowling Green State University,Bachelor's Degree,No,
7109,Columbia Southern University (CSU),Bachelor's Degree,No,
7115,University of Maryland University College,Bachelor's Degree,Yes,1/1/2017
7133,Quantum Informatics Inc,Associate Degree,Yes,1/1/2017
7140,Northwest Florida State College,Associate Degree,Yes,1/1/2013
7140,The University of West Florida,Bachelor's Degree,Yes,1/1/2014
7183,Community College of the Air Force,Associate Degree,Yes,1/1/2007
7223,Anne Arundel Community College,Associate Degree,Yes,1/1/2015
7223,"Strayer University, Woodbridge VA.",Bachelor's Degree,Yes,1/1/2016
7225,Community College of the Air Force,Associate Degree,Yes,1/1/2015
7225,Community College of the Air Force,Associate Degree,Yes,1/1/2017
7225,Western Governors University,Bachelor's Degree,No,
7230,University of Phoenix,,,
7243,Hastings College,Bachelor's Degree,Yes,1/1/2014
7251,Mercy College - Dobbs Ferry,Bachelor's Degree,Yes,1/1/2014
7251,Liberty University,Master's Degree,Yes,1/1/2015
7258,High School,High School/Equivalent,Yes,1/1/1986
7258,American Military University,Bachelor's Degree,No,
7258,Trident University,Bachelor's Degree,No,
7284,Edinboro University of Pennsylvania,Bachelor's Degree,Yes,1/1/2015
7284,American University In Cairo,Master's Degree,Yes,1/1/2015
7284,SUNY College at Brockport,,,
7307,"DeMatha Catholic High School, Villanova University",Bachelor's Degree,,
7310,Virginia Commonwealth University,Bachelor's Degree,Yes,1/1/2012
7310,Virginia Commonwealth University,,,
7314,"University of Maryland, College Park",Bachelor's Degree,Yes,1/1/2016
7314,"University of Maryland, College Park",Bachelor's Degree,Yes,1/1/2016
7328,Donna High School,,,1/1/2015
7328,Brown Mackie College,,,1/1/2016
7328,University of Texas Rio Grande Valley (UTRGV),,,
7336,Ohio State University,Doctorate,Yes,1/1/1989
7339,Northeast Community College,Associate Degree,Yes,1/1/2016
7339,Scott Community College,,,
7339,Scott Community College,High School/Equivalent,,
7339,University of Iowa,,,
7339,University of Iowa,High School/Equivalent,,
7342,George Mason University,Bachelor's Degree,Yes,1/1/2015
7356,Biddeford High School,High School/Equivalent,Yes,1/1/1991
7384,Cochise College,Associate Degree,Yes,1/1/2014
7387,University of Oklahoma,Bachelor's Degree,Yes,1/1/2017
7387,Naval Postgraduate School,Master's Degree,Yes,1/1/2017
7392,Southern California College of Business & Law,Associate Degree,Yes,1/1/2015
7392,University of La Verne,Bachelor's Degree,No,
7413,Saint Anselm College,Bachelor's Degree,Yes,1/1/2015
7442,Defense Language Institute,Associate Degree,Yes,1/1/2017
7442,American Public University System,Bachelor's Degree,Yes,1/1/2017
7442,American Military University,,,
7442,Defense Language Institute,,,
7442,University of Maryland University College,Master's Degree,No,
7442,University of Maryland University College,,,
7442,University of Maryland University College,,,
7446,"Texas State University, San Marcos",Bachelor's Degree,Yes,1/1/2015
7446,The University of Texas at Austin,Master's Degree,Yes,1/1/2015
7446,The University of Texas at Austin,Master's Degree,Yes,1/1/2015
7446,LBJ School of Public Affairs,,,
7446,Texas State University,,,
7446,The University of Texas,,,
7460,Evangel University,Bachelor's Degree,Yes,1/1/2018
7460,Evangel University,,,1/1/2018
7469,Virginia Polytechnic Institute and State University,Bachelor's Degree,No,
7487,SUNY at Binghamton,Bachelor's Degree,Yes,1/1/2018
7515,College of Southern Maryland,,No,
7515,Great Mills High School,High School/Equivalent,,
7516,UC,,,
7518,CUNY College of Staten Island,Associate Degree,Yes,1/1/2015
7529,University of Wyoming,Bachelor's Degree,Yes,1/1/2008
7529,University of Wyoming,Bachelor's Degree,Yes,1/1/2008
7529,Laramie County Community College,Associate Degree,No,
7529,University of Wyoming - Outreach School,,No,
7532,Beulah Heights University,Bachelor's Degree,Yes,1/1/2010
7532,Grand Canyon University,Master's Degree,Yes,1/1/2013
7532,Grand Canyon University,Master's Degree,Yes,1/1/2013
7532,Beulah Heights University,Master's Degree,No,
7552,University of California - Santa Barbara,Bachelor's Degree,Yes,1/1/2010
7557,Florida State College at Jacksonville,Associate Degree,Yes,1/1/2015
7557,University of Central Florida,,,
7557,University of North Florida,,,
7570,Cambridge,Master's Degree,Yes,1/1/2016
7577,University of Texas at San Antonio,Bachelor's Degree,Yes,1/1/2017
7583,Indiana State University,Bachelor's Degree,Yes,1/1/2016
7584,Three Rivers Community College,Associate Degree,Yes,1/1/2015
7608,Community College of the Air Force,Associate Degree,Yes,1/1/2015
7608,Ashford University,Bachelor's Degree,Yes,1/1/2015
7608,Arizona State University,Master's Degree,Yes,1/1/2015
7612,Keiser University (Keiser College),Bachelor's Degree,Yes,1/1/2014
7630,Bowie State University,Bachelor's Degree,Yes,1/1/2009
7708,Ouachita Baptist University,Bachelor's Degree,Yes,1/1/2003
7708,Benton High School,,,
7708,Ouachita Baptist University; Music,,,
7732,The Pennsylvania State University State College,,,1/1/2015
7732,Penn State University Park,Bachelor's Degree,No,
7752,Ashworth College,Associate Degree,Yes,1/1/2016
7752,Ashworth College,,,
7752,Ashworth College,,,
7752,Strasburg High School,,,
7777,Kent State University,Bachelor's Degree,Yes,1/1/2015
7784,Embry-Riddle University,,,
7791,BETHUNE-COOKMAN UNIVERSITY,,,
7830,Anna Maria College,Bachelor's Degree,,
7836,Northern New Mexico College,Associate Degree,Yes,1/1/2013
7836,Northern New Mexico College,Bachelor's Degree,Yes,1/1/2016
7836,Northern New Mexico College,,,
7863,University of Maryland University College (UMUC),Bachelor's Degree,Yes,1/1/2016
7863,University of Maryland University College (UMUC),Master's Degree,Yes,1/1/2016
7869,Defense Language Institute,Associate Degree,Yes,1/1/2009
7869,Defense Language Institute,Associate Degree,Yes,1/1/2009
7869,Community College of the Air Force,Associate Degree,Yes,1/1/2011
7869,National Intelligence University,Bachelor's Degree,Yes,1/1/2013
7903,High Point University,Bachelor's Degree,Yes,1/1/2016
7906,Wake Forest University,Bachelor's Degree,Yes,1/1/2015
7906,Georgia State University,Master's Degree,No,
7916,Full Sail Real World Education,Bachelor's Degree,No,
7935,"JNTU college of Engineering , Hyderabad",Bachelor's Degree,Yes,1/1/2014
7935,India Institute of Technology Bombay,Master's Degree,Yes,1/1/2014
7937,Towson University,Bachelor's Degree,Yes,1/1/2015
7957,Adolfo Camarillo High School,High School/Equivalent,Yes,1/1/2015
7958,American University,Bachelor's Degree,Yes,1/1/2015
7991,Oakland Community College,Associate Degree,Yes,1/1/2017
7995,Georgia State University,Bachelor's Degree,Yes,1/1/2014
7995,University of Maryland University College (UMUC),Master's Degree,No,
8013,Florida State University,Bachelor's Degree,Yes,1/1/2016
8015,Virginia Polytechnic Institute and State University,Bachelor's Degree,Yes,1/1/1997
8015,Old Dominion University,Master's Degree,Yes,1/1/2000
8016,Frankfort High School,High School/Equivalent,Yes,1/1/2015
8016,Phoenix University,,No,
8016,University of Maryland (European Division),,No,
8017,American InterContinental University,Bachelor's Degree,Yes,1/1/2015
8017,American InterContinental University,Master's Degree,Yes,1/1/2015
8017,American InterContinental University,,,
8017,American InterContinental University,,,
8018,High School,High School/Equivalent,Yes,1/1/2011
8027,Strayer University,Associate Degree,,
8029,Denison University,Bachelor's Degree,Yes,1/1/2016
8029,Franklin High School,High School/Equivalent,,
8030,High School,High School/Equivalent,Yes,1/1/2010
8031,George Mason University,Bachelor's Degree,Yes,1/1/2016
8031,Northern Virginia Community College,,No,
8044,Bowling Green State University,Bachelor's Degree,No,
8044,High School,High School/Equivalent,,
8053,Excelsior College (Regents College),Associate Degree,Yes,1/1/2016
8053,Excelsior College (Regents College),Bachelor's Degree,Yes,1/1/2016
8090,University of Missouri,,,
8100,ITT Technical Institute,Bachelor's Degree,Yes,1/1/2009
8132,Christopher Newport University,Bachelor's Degree,Yes,1/1/2014
8143,Sam Houston State University,Bachelor's Degree,Yes,1/1/2012
8143,Defense Language Institute,Associate Degree,No,
8152,GPREC Engineering College,Bachelor's Degree,,
8155,Community College of the Air Force,Associate Degree,Yes,1/1/2014
8156,West Orange High School,High School/Equivalent,Yes,1/1/2012
8156,Everest University - North Orlando,,,
8161,Community College of the Air Force,Associate Degree,Yes,1/1/1995
8161,Strayer University,Bachelor's Degree,Yes,1/1/2009
8193,High School,High School/Equivalent,Yes,1/1/2012
8193,Community College of the Air Force,Associate Degree,Yes,1/1/2016
8193,American Military University,Bachelor's Degree,No,
8210,Troy University,Associate Degree,Yes,1/1/2017
8214,North Carolina A&T State University,Bachelor's Degree,Yes,1/1/2016
8214,Capella University,Master's Degree,,
8221,"Brooklyn College, the City University of New York",Bachelor's Degree,Yes,1/1/2009
8221,John Jay College of Criminal Justice (CUNY),Master's Degree,Yes,1/1/2012
8253,Ouachita Baptist University,Bachelor's Degree,Yes,1/1/2018
8254,Cochise College,Associate Degree,No,
8254,ITT Tech Miami,Bachelor's Degree,No,
8260,Haddon Heights High School,,,
8263,"Apollo College, Phoenix",Associate Degree,Yes,1/1/1998
8263,ITT Technical Institute,Bachelor's Degree,Yes,1/1/2006
8264,Commonwealth University,,,1/1/2015
8277,Pittsburgh Technical Institute,,,
8283,High School,High School/Equivalent,Yes,1/1/2015
8283,George Mason University,Bachelor's Degree,,
8287,"California State University, Fresno (Fresno State)",Bachelor's Degree,Yes,1/1/2015
8337,Liberty University,,,
8337,Liberty University,,,
8397,George Washington University,Bachelor's Degree,Yes,1/1/2010
8417,Ashford University,Bachelor's Degree,Yes,1/1/2015
8423,CUNY Brooklyn College,Bachelor's Degree,Yes,1/1/2018
8434,High School,High School/Equivalent,,
8450,Community College of the Air Force,Associate Degree,Yes,1/1/2010
8450,Defense Language Institute,Associate Degree,,
8450,Defense Language Institute,,,
8450,High School,High School/Equivalent,,
8450,University of Maryland - University College,Bachelor's Degree,No,
8473,High School,High School/Equivalent,Yes,1/1/1993
8473,DuBois Business College,Associate Degree,No,
8473,DuBois Business College,Associate Degree,No,
8492,Trident University,Bachelor's Degree,Yes,1/1/2019
8492,Trident University,Master's Degree,Yes,1/1/2019
8513,Saint Leo University,Bachelor's Degree,Yes,1/1/2017
8554,Old Dominion University,Bachelor's Degree,Yes,1/1/2016
8554,Community College of the Air Force,Associate Degree,Yes,1/1/2018
8554,Old Dominion University,Master's Degree,No,
8561,Defense Language Institute,Associate Degree,Yes,1/1/2015
8561,Excelsior College (Regents College),Bachelor's Degree,Yes,1/1/2015
8566,Old Dominion University,Bachelor's Degree,Yes,1/1/2016
8600,North Central Institute,,,
8600,North Central Institute,,,
8625,Kennesaw State University,Bachelor's Degree,Yes,1/1/2014
8625,American International Institute of Polygraph,Associate Degree,Yes,1/1/2014
8650,Marymount University,Bachelor's Degree,Yes,1/1/2011
8651,University of Evansville,Bachelor's Degree,Yes,1/1/2018
8651,Defense Language Institute,Associate Degree,Yes,1/1/2018
8651,Community College of the Air Force,Associate Degree,Yes,1/1/2018
8651,University of Oklahoma,Master's Degree,Yes,1/1/2018
8661,Harford Community College,Associate Degree,Yes,1/1/2012
8661,McDaniel College,Bachelor's Degree,Yes,1/1/2012
8661,University of Baltimore,Master's Degree,Yes,1/1/2012
8671,Endicott College,Associate Degree,Yes,1/1/2015
8671,Emerson College,Bachelor's Degree,Yes,1/1/2015
8684,"University of Maryland, College Park",Bachelor's Degree,Yes,1/1/1991
8684,American University,Master's Degree,Yes,1/1/1991
8684,"National Defense University, Industrial College of the Armed Forces (ICAF)",Master's Degree,Yes,1/1/1999
8693,Richard Bland College,Associate Degree,Yes,1/1/2016
8745,Coastline Community College,Associate Degree,Yes,1/1/2016
8745,"Remington College, Memphis",High School/Equivalent,Yes,1/1/2015
8751,"Strayer University, Woodbridge VA.",Bachelor's Degree,Yes,1/1/2016
8759,Salisbury University,Bachelor's Degree,Yes,1/1/2011
8759,Harford Community College,Associate Degree,No,
8767,Tempe High School,High School/Equivalent,Yes,1/1/1984
8767,Refrigeration School,,No,
8769,Virginia Military Institute,Bachelor's Degree,Yes,1/1/2016
8769,Naval Postgraduate School,Master's Degree,Yes,1/1/2016
8791,Belmont Abbey College,Bachelor's Degree,Yes,1/1/2017
8791,Cochise College,Associate Degree,Yes,1/1/2017
8791,South University-Savannah,Master's Degree,Yes,1/1/2017
8826,university of toronto,Bachelor's Degree,Yes,1/1/1997
8826,"CAHSU, Belize medical college",Doctorate,Yes,1/1/2001
8831,University of Pittsburgh,Bachelor's Degree,Yes,1/1/2010
8831,University of Pittsburgh,Doctorate,Yes,1/1/2015
8831,University of Pittsburgh,Master's Degree,Yes,1/1/2015
8844,Virginia Polytechnic Institute and State University,Bachelor's Degree,Yes,1/1/2018
8846,University of Arizona,Bachelor's Degree,Yes,1/1/2014
8846,University of Baltimore,Doctorate,Yes,1/1/2014
8848,Olympia High School,High School/Equivalent,Yes,1/1/2014
8848,American Military University,Bachelor's Degree,No,
8848,American Military University,,,
8854,University of Management and Technology,Bachelor's Degree,Yes,1/1/2009
8854,University of Management and Technology,Master's Degree,Yes,1/1/2010
8861,Northwest Florida State College,Bachelor's Degree,Yes,1/1/2020
8866,Community College of the Air Force,Associate Degree,Yes,1/1/2015
8866,Community College of the Air Force,Associate Degree,Yes,1/1/2015
8866,University of Maryland University College (UMUC),Bachelor's Degree,Yes,1/1/2015
8866,Park College,,No,
8884,Universite Moulay Ismail,Bachelor's Degree,Yes,1/1/2014
8884,Belgorod University,,Yes,1/1/2014
8884,Saint Petersburg Politechnicheskyi Institute,Master's Degree,Yes,1/1/2014
8884,Universidad Autonoma de Barcelona,Doctorate,Yes,1/1/2014
8893,American Military University,Bachelor's Degree,Yes,1/1/2019
8893,Central Texas College,Bachelor's Degree,No,
8902,University of California - Irvine,Bachelor's Degree,Yes,1/1/2016
8903,Rutgers University,Bachelor's Degree,Yes,1/1/2018
8908,Purdue University,Bachelor's Degree,Yes,1/1/2016
8908,Naval Postgraduate School,Master's Degree,Yes,1/1/2016
8913,High School,High School/Equivalent,Yes,1/1/1988
8917,Monterey Peninsula College,Associate Degree,Yes,1/1/2016
8917,University of California - Santa Cruz,Bachelor's Degree,Yes,1/1/2016
8917,University of Birmingham,Master's Degree,Yes,1/1/2016
8917,University of Calgary,Doctorate,Yes,1/1/2016
8933,University of Delhi,Bachelor's Degree,,
8944,"University of Phoenix, Arizona",Bachelor's Degree,,
8969,MANAGEMENT RESOURCES INTERNATIONAL INSTITUTE,,,1/1/2017
8969,Saginaw Valley State University,,,1/1/2017
8969,CHICAGO BOARD OF TRADE,,,1/1/2017
8969,INTERNATIONAL,,,1/1/2017
8969,AMERICAN SUPPLIER INSTITUTE,,,1/1/2017
8969,MANAGEMENT RESOURCES INTERNATIONAL INSTITUTE,,,1/1/2017
8969,RENSSELAER POLYTECHNIC INSTITUTE,,,1/1/2017
8969,Rensselaer Polytechnic Institute (RPI),Master's Degree,Yes,1/1/2017
8969,SIGMA BUSINESS SOLUTIONS INTERNATIONAL,,,1/1/2017
8969,SIX SIGMA MANAGEMENT INSTITUTE,,,1/1/2015
8969,OAKLAND UNIVERSITY CENTER FOR EXECUTIVE EDUCATION,,,1/1/2017
8984,Saint Leo University,Bachelor's Degree,Yes,1/1/2016
8985,High School,High School/Equivalent,Yes,1/1/2012
9006,"DeVry University Atlanta, Decatur, GA",Bachelor's Degree,Yes,1/1/2015
9022,Northern Virginia Community College,Associate Degree,Yes,1/1/2013
9022,George Mason University,Bachelor's Degree,No,
9023,North Carolina State University,Bachelor's Degree,Yes,1/1/1989
9023,University of Florida (UF),Bachelor's Degree,Yes,1/1/1989
9023,American University,Master's Degree,Yes,1/1/1989
9027,Howard University,Bachelor's Degree,Yes,1/1/2018
9027,University of Maryland - University College,Master's Degree,No,
9041,Bemidji State University,Bachelor's Degree,Yes,1/1/2018
9041,Metropolitan Community College,Associate Degree,Yes,1/1/2018
9077,James Madison University,Bachelor's Degree,Yes,1/1/2013
9087,The University of West Florida,Bachelor's Degree,Yes,1/1/2017
9096,Capella University,Bachelor's Degree,Yes,1/1/2014
9111,School of Architecture,Bachelor's Degree,Yes,1/1/2015
9119,Community College of the Air Force,Associate Degree,Yes,1/1/2015
9119,University of Missouri - St Louis,Bachelor's Degree,Yes,1/1/2015
9119,Washington University in St Louis,Master's Degree,No,
9120,Clarion University of PA,Bachelor's Degree,Yes,1/1/2017
9131,Universidad de Estudios Avanzados UNEA Torreon,Bachelor's Degree,No,
9149,Old Dominion University,Bachelor's Degree,Yes,1/1/2015
9150,University of Maryland University College (UMUC),Bachelor's Degree,Yes,1/1/2017
9155,Jacksonville State University,Bachelor's Degree,Yes,1/1/1989
9159,Virginia Polytechnic Institute and State University,Bachelor's Degree,No,
9188,Coastline Community College,Associate Degree,Yes,1/1/2014
9188,University of Maryland University College (UMUC),Bachelor's Degree,Yes,1/1/2014
9188,University of Maryland University College (UMUC),Master's Degree,Yes,1/1/2017
9197,College of William and Mary (W&M),Bachelor's Degree,Yes,1/1/2017
9207,Millersville University of Pennsylvania,Bachelor's Degree,Yes,1/1/2015
9207,Virginia Commonwealth University,Bachelor's Degree,Yes,
9210,The University of Texas at Austin,Bachelor's Degree,Yes,1/1/2004
9227,University of Maryland College Park,Bachelor's Degree,Yes,1/1/2016
9244,Community College of the Air Force,Associate Degree,Yes,1/1/2003
9244,Grantham University,Bachelor's Degree,Yes,1/1/2010
9252,North Carolina A&T State University,Bachelor's Degree,,
9262,Norwich University,,,
9263,Defense Language Institute,Associate Degree,Yes,1/1/2017
9263,"California State University, San Marcos",Bachelor's Degree,Yes,1/1/2017
9263,George Mason University,Bachelor's Degree,No,
9286,DeVry University,Associate Degree,,
9293,Brigham Young University,Bachelor's Degree,Yes,1/1/2014
9293,University of Massachusetts - Boston,Master's Degree,Yes,1/1/2018
9316,Central Texas College,Associate Degree,,
9316,University of North Texas,Bachelor's Degree,,
9328,Kaiserslautern High School,High School/Equivalent,Yes,1/1/2014
9331,Virginia Commonwealth University,Bachelor's Degree,Yes,1/1/2014
9331,Walden University,Master's Degree,Yes,1/1/2014
9332,Monterey Institute of International Studies,,,
9332,Ohio Wesleyan University,,,
9336,ECPI University,Bachelor's Degree,Yes,1/1/2020
9344,King George High School,High School/Equivalent,Yes,1/1/2011
9344,Rappahannock Community College,Associate Degree,,
9360,Carson-Newman College,,,
9363,University of California - Berkeley,Bachelor's Degree,Yes,1/1/2017
9363,Liberty University,Master's Degree,Yes,1/1/2017
9364,Osmania University,Bachelor's Degree,Yes,1/1/1997
9364,Northern Illinois University,Master's Degree,Yes,1/1/2001
9364,Johns Hopkins University,Master's Degree,Yes,1/1/2012
9364,Georgetown University,Master's Degree,,
9366,Missouri State University,Bachelor's Degree,Yes,1/1/1998
9366,Högskolan i Borås,Bachelor's Degree,No,
9366,"Minnesota State University, Mankato",Bachelor's Degree,No,
9382,Brown Mackie College,,,
9382,Heritage College,,,
9392,Butler County Community College,Associate Degree,Yes,1/1/2017
9392,Slippery Rock University,Bachelor's Degree,Yes,1/1/2017
9440,Saint Leo University,Bachelor's Degree,Yes,1/1/2019
9468,Sta. Lucia High School,High School/Equivalent,Yes,1/1/2012
9468,University of Texas at El paso,,Yes,1/1/2011
9468,Pikes Peak Community College,,Yes,1/1/2015
9468,st. John Technological College of the Philippines,Associate Degree,No,
9474,Morgan State University,,,
9480,Purdue University,Bachelor's Degree,Yes,1/1/2016
9480,Vincennes University,Associate Degree,No,
9491,Mississippi Gulf Coast Community College (MGCCC),Associate Degree,Yes,1/1/2008
9491,San Diego State University,Bachelor's Degree,Yes,1/1/2015
9500,"ITT Technical Institute - Chantilly, VA",Associate Degree,Yes,1/1/2013
9500,"ITT Technical Institute - Chantilly, VA",Bachelor's Degree,Yes,1/1/2015
9500,ITT Technical Institute,Bachelor's Degree,,
9500,ITT Technical Institute,Associate Degree,,
9510,Defence School of Languages,Associate Degree,Yes,1/1/1987
9510,University of Westminster,Bachelor's Degree,Yes,1/1/1989
9510,University of Westminster,Bachelor's Degree,Yes,1/1/1998
9510,Britsh Army Education Centre,Associate Degree,Yes,1/1/2003
9510,City and Guilds,Master's Degree,Yes,1/1/2008
9522,High School,High School/Equivalent,Yes,1/1/1996
9560,Strayer University,Bachelor's Degree,,
9568,Averett,Bachelor's Degree,Yes,1/1/2017
9568,Averett University,,,
9575,U.S. Army Command and General Staff College,Master's Degree,Yes,1/1/2017
9575,Franklin University,Bachelor's Degree,,
9591,Louisiana State University - Baton Rouge,Bachelor's Degree,Yes,1/1/2014
9591,Towson University,Master's Degree,Yes,1/1/2014
9592,Fayetteville Technical Community College,Associate Degree,Yes,1/1/2015
9594,Pennsylvania State University,Associate Degree,Yes,1/1/2014
9594,Pennsylvania State University,Associate Degree,Yes,1/1/2014
9595,Virginia Polytechnic Institute and State University,Bachelor's Degree,Yes,1/1/1999
9624,Texas Christian University,Bachelor's Degree,Yes,1/1/2019
9624,Air Force Institute of Technology,Master's Degree,Yes,1/1/2019
9642,Community College of the Air Force,Associate Degree,Yes,1/1/2016
9658,University of Denver,Master's Degree,Yes,1/1/2019
9658,Walden University,Doctorate,Yes,1/1/2019
9665,Universite du Quebec A Montreal,Bachelor's Degree,Yes,1/1/2002
9666,American Military University,Bachelor's Degree,No,
9682,Floyd E. Kellam High School,High School/Equivalent,Yes,1/1/2012
9682,Old Dominion University,Associate Degree,No,
9682,Tidewater Community College,Associate Degree,No,
9698,St. John's University - New York,Bachelor's Degree,No,
9699,Boston College,Bachelor's Degree,Yes,1/1/2014
9699,Virginia Polytechnic Institute and State University,Master's Degree,Yes,1/1/2014
9713,Loyola College,Bachelor's Degree,Yes,1/1/2014
9715,High School,High School/Equivalent,Yes,1/1/2012
9715,Saint Leo University,Bachelor's Degree,Yes,1/1/2019
9730,Hudson Valley Community College,Associate Degree,Yes,1/1/2016
9730,SUNY College at Old Westbury,Bachelor's Degree,Yes,1/1/2016
9730,Liberty University,Master's Degree,,
9734,American Military University,Bachelor's Degree,Yes,1/1/2016
9734,American Military University,Master's Degree,Yes,1/1/2019
9751,American Military University,Bachelor's Degree,Yes,1/1/2019
9751,American Military University,Master's Degree,Yes,1/1/2019
9770,Trevecca Nazarene University,Bachelor's Degree,Yes,1/1/2017
9770,Troy University,Master's Degree,Yes,1/1/2017
9772,Oklahoma State University,Bachelor's Degree,Yes,1/1/2007
9772,Rose State College,Associate Degree,Yes,1/1/2015
9777,University of Michigan - Flint,Bachelor's Degree,Yes,1/1/2015
9777,Mott Community College,,,
9780,Barnard College of Columbia University,,,
9792,Cameron University,,,
9792,Cochise College,,,
9797,Florida State University,Bachelor's Degree,Yes,1/1/2014
9797,University of Maryland,Master's Degree,Yes,1/1/2014
9797,University of North Carolina School of Law,Doctorate,Yes,1/1/2014
9798,American InterContinental University,Associate Degree,No,
9798,Cochise College,Associate Degree,No,
9821,University of Massachusetts - Amherst,Bachelor's Degree,Yes,1/1/1990
9821,University of Massachusetts - Boston,Master's Degree,Yes,1/1/1992
9830,Webster University,Bachelor's Degree,Yes,1/1/2015
9830,Washington University in St Louis,Master's Degree,Yes,1/1/2015
9830,University of Denver,Master's Degree,Yes,1/1/2015
9857,Central Texas College,Associate Degree,Yes,1/1/2015
9857,"University of Maryland, College Park",Bachelor's Degree,Yes,1/1/2016
9860,Southern Illinois University Carbondale,Bachelor's Degree,Yes,1/1/2017
9860,Webster University,Bachelor's Degree,No,
9862,University of Delaware,Bachelor's Degree,Yes,1/1/2016
9862,London School of Economics and Political Science,Master's Degree,Yes,1/1/2016
9878,Foster High School,,,1/1/2012
9878,HS etc Brief Description,,,1/1/2018
9881,Wayne High School,High School/Equivalent,Yes,1/1/2013
9901,Vatterott College,Associate Degree,Yes,1/1/2017
9901,Rose State College,Associate Degree,No,
9918,Rappahannock Community College,Associate Degree,Yes,1/1/2015
9918,Longwood University,Bachelor's Degree,No,
9918,Strayer University Manassas VA,Bachelor's Degree,No,
9922,National University,Bachelor's Degree,Yes,1/1/2015
9933,DeVry Institute of Technology,Bachelor's Degree,Yes,1/1/2014
9933,Emory University,Master's Degree,Yes,1/1/2014
9940,Northern Virginia Community College,Associate Degree,Yes,1/1/2011
9954,Strayer University,Bachelor's Degree,Yes,1/1/2015
9965,Saint Leo University,,,
9965,Saint Leo University,,,
9978,University of Wisconsin - Platteville,Bachelor's Degree,Yes,1/1/2011
9996,American Sentinel University,Bachelor's Degree,Yes,1/1/2017
